{"n": 0.12260211577485071, "nt": 0.0435173938657803, "nd": 0.005492632245019674, "nl": 0.005293528303670785, "nh": 0.054901320813725986, "nhf": 0.007293204646122291, "nhs": 0.009468801594286171, "ns": 0.017950265835581965, "nn": 0.0, "ni": 0.004745310602148504, "nz": 7.182288295233869e-05, "v": 0.10178848070055493, "vd": 0.0010996174295044767, "vl": 0.0036561484024408867, "vu": 0.006063578706969911, "a": 0.02701540464466765, "f": 0.000408663112494636, "m": 0.049116851284811365, "q": 0.00018592126030067421, "d": 0.05326757751416456, "r": 0.20612940119716927, "p": 0.08973450989519313, "c": 0.11236644580372533, "u": 0.0010277945465521378, "e": 0.002038769810387589, "o": 0.0003868435024837989, "i": 0.00887967212399357, "j": 0.0035861438203227845, "h": 0.004430289982617044, "k": 4.3639220021674145e-05, "g": 0.0, "x": 0.000232287931573703, "w": 0.05621367944083613, "ws": 0.0009918831050759686, "wu": 0.0}